{
  "airplanes": [
    {
      "x": 586.2427729565816,
      "y": 278.50228172495736,
      "dx": 32.300000000000004,
      "dy": 30.15,
      "name": "Рейс1111",
      "file": "image\\camolet2.png",
      "speed": 2.15,
      "speed_min": 0.6,
      "speed_max": 4,
      "angle": 0,
      "benzin": 1500
    },
    {
      "x": 1214.7456196471612,
      "y": 328.12778994879943,
      "dx": 32.300000000000004,
      "dy": 30.15,
      "name": "Рейс2222",
      "file": "image\\camolet2.png",
      "speed": 1.75,
      "speed_min": 0.5,
      "speed_max": 3,
      "angle": 260,
      "benzin": 1500
    }
  ],
  "tyrbylentnosts": [
    {
      "x": 1070.0,
      "y": 403.0,
      "dx": 241.0,
      "dy": 261.1,
      "file": "image\\Tyrbylent-Photoroom.png"
    },
    {
      "x": 1330.0,
      "y": 703.5,
      "dx": 241.0,
      "dy": 261.1,
      "file": "image\\Tyrbylent-Photoroom.png"
    }

  ],
  "pogoda": [
    {
      "x": 100.0,
      "y": 703.5,
      "dx": 241.0,
      "dy": 261.1,
      "file": "image\\Ploxaya_pogoda.png"
    }
  ],
  "finish_x": 1220.0,
  "finish_y": 870.35000000000001,
  "finish_rx": 57.0,
  "finish_ry": 60.3
}